{"initial_reset_timestamp": 1583660681.3753567, "timestamps": [1583660681.44, 1583660681.502119, 1583660681.566782, 1583660681.6315005, 1583660681.7016914, 1583660681.7660918, 1583660681.8286796, 1583660681.892471, 1583660681.9640703, 1583660682.0291095, 1583660705.6534753, 1583660966.971267, 1583660968.2997258, 1583660968.541485, 1583660969.4858732, 1583660969.573262, 1583660969.6521137, 1583660969.8108885, 1583660970.3762007, 1583660970.8831723, 1583660970.9620936, 1583660971.28847, 1583660971.6284614, 1583660972.111055, 1583660972.1910949, 1583660972.3477242, 1583660972.5089169, 1583660972.5895529, 1583660972.751969, 1583660973.0019348, 1583660973.644505, 1583660974.2464993, 1583660974.8664706], "episode_lengths": [99, 99, 99, 99, 99, 99, 99, 99, 99, 99, 99, 99, 99, 99, 99, 99, 99, 99, 99, 99, 99, 99, 99, 99, 99, 99, 99, 99, 99, 99, 99, 99, 99], "episode_rewards": [0.0, 0.0, 0.0, 0.0, 0.0, 0.0, 0.0, 0.0, 0.0, 0.0, 0.0, 0.0, 0.0, 0.0, 0.0, 0.0, 0.0, 0.0, 0.0, 0.0, 0.0, 0.0, 0.0, 0.0, 0.0, 0.0, 0.0, 0.0, 0.0, 0.0, 0.0, 0.0, 0.0], "episode_types": ["t", "t", "t", "t", "t", "t", "t", "t", "t", "t", "t", "t", "t", "t", "t", "t", "t", "t", "t", "t", "t", "t", "t", "t", "t", "t", "t", "t", "t", "t", "t", "t", "t"]}