{"initial_reset_timestamp": 1583660636.29012, "timestamps": [1583660636.3557985, 1583660636.4201581, 1583660636.4861076, 1583660636.5481882, 1583660636.624331, 1583660636.7001057, 1583660636.772649, 1583660636.8371148, 1583660636.9001787, 1583660636.9720674, 1583660658.724854, 1583660967.4569087, 1583660967.5815954, 1583660967.8158784, 1583660968.0620003, 1583660969.0241456, 1583660971.7855382, 1583660971.9472404, 1583660972.9173713, 1583660973.5013824, 1583660974.017783, 1583660974.6320837, 1583660975.800622, 1583660975.9599996], "episode_lengths": [99, 99, 99, 99, 99, 99, 99, 99, 99, 99, 99, 99, 99, 99, 99, 99, 99, 99, 99, 99, 99, 99, 99, 99], "episode_rewards": [0.0, 0.0, 0.0, 0.0, 0.0, 0.0, 0.0, 0.0, 0.0, 0.0, 0.0, 0.0, 0.0, 0.0, 0.0, 0.0, 0.0, 0.0, 0.0, 0.0, 0.0, 0.0, 0.0, 0.0], "episode_types": ["t", "t", "t", "t", "t", "t", "t", "t", "t", "t", "t", "t", "t", "t", "t", "t", "t", "t", "t", "t", "t", "t", "t", "t"]}