{"initial_reset_timestamp": 1583660607.2552347, "timestamps": [1583660607.3578126, 1583660608.6725428, 1583660609.984316, 1583660610.3557243, 1583660612.632422, 1583660612.7497976, 1583660612.8072417, 1583660847.7214744, 1583660847.7818267, 1583660847.8453877, 1583660847.9129157, 1583660847.9737084, 1583660848.0360188, 1583660848.0965958, 1583660848.1825676, 1583660848.2484179, 1583660848.311066, 1583660872.0097954], "episode_lengths": [99, 99, 99, 99, 99, 99, 99, 99, 99, 99, 99, 99, 99, 99, 99, 99, 99, 99], "episode_rewards": [0.0, 0.0, 0.0, 0.0, 0.0, 0.0, 0.0, 0.0, 0.0, 0.0, 0.0, 0.0, 0.0, 0.0, 0.0, 0.0, 0.0, 0.0], "episode_types": ["t", "t", "t", "t", "t", "t", "t", "t", "t", "t", "t", "t", "t", "t", "t", "t", "t", "t"]}