{"initial_reset_timestamp": 1583660606.723097, "timestamps": [1583660606.7868783, 1583660606.9263175, 1583660607.12233, 1583660608.1280296, 1583660608.193821, 1583660608.9916174, 1583660611.604261, 1583660611.8492076, 1583660612.0294213, 1583660612.572669, 1583660943.455756, 1583660943.5185647, 1583660943.583049, 1583660943.6444194, 1583660943.7045355, 1583660943.7648942, 1583660943.8276968, 1583660943.8909633, 1583660943.9522705, 1583660944.0144742, 1583660966.657108], "episode_lengths": [99, 99, 99, 99, 99, 99, 99, 99, 99, 99, 99, 99, 99, 99, 99, 99, 99, 99, 99, 99, 99], "episode_rewards": [0.0, 0.0, 0.0, 0.0, 0.0, 0.0, 0.0, 0.0, 0.0, 0.0, 0.0, 0.0, 0.0, 0.0, 0.0, 0.0, 0.0, 0.0, 0.0, 0.0, 0.0], "episode_types": ["t", "t", "t", "t", "t", "t", "t", "t", "t", "t", "t", "t", "t", "t", "t", "t", "t", "t", "t", "t", "t"]}