{"initial_reset_timestamp": 1583593562.926709, "timestamps": [1583593562.982048, 1583593563.0362835, 1583593563.106212, 1583593563.1608434, 1583593563.2152917, 1583593563.2758753, 1583593563.337408, 1583593563.39729, 1583593563.4580457, 1583593563.5207553, 1583593587.4534457, 1583593854.2028646, 1583593854.273609, 1583593854.722976, 1583593854.9408007, 1583593855.5117607, 1583593855.8176389, 1583593856.0526474, 1583593856.3572426, 1583593857.0580795, 1583593857.7541037, 1583593858.2137566, 1583593859.1323452, 1583593859.3616474, 1583593859.7340322, 1583593860.0697632, 1583593860.414317, 1583593860.969382, 1583593862.2664738, 1583593862.3859637, 1583593862.7222354, 1583593862.8325322, 1583593862.9447265], "episode_lengths": [99, 99, 99, 99, 99, 99, 99, 99, 99, 99, 99, 99, 99, 99, 99, 99, 99, 99, 99, 99, 99, 99, 99, 99, 99, 99, 99, 99, 99, 99, 99, 99, 99], "episode_rewards": [0.0, 0.0, 0.0, 0.0, 0.0, 0.0, 0.0, 0.0, 0.0, 0.0, 0.0, 0.0, 0.0, 0.0, 0.0, 0.0, 0.0, 0.0, 0.0, 0.0, 0.0, 0.0, 0.0, 0.0, 0.0, 0.0, 0.0, 0.0, 0.0, 0.0, 0.0, 0.0, 0.0], "episode_types": ["t", "t", "t", "t", "t", "t", "t", "t", "t", "t", "t", "t", "t", "t", "t", "t", "t", "t", "t", "t", "t", "t", "t", "t", "t", "t", "t", "t", "t", "t", "t", "t", "t"]}