{"initial_reset_timestamp": 1583593485.9283578, "timestamps": [1583593485.9823008, 1583593486.1975756, 1583593486.2528148, 1583593486.6257687, 1583593489.7304325, 1583593490.3737211, 1583593491.4415202, 1583593491.7273233, 1583593636.022962, 1583593636.122254, 1583593636.2185345, 1583593636.281415, 1583593636.378341, 1583593636.482343, 1583593636.5888906, 1583593636.6837466, 1583593636.743563, 1583593636.802235, 1583593660.6772861], "episode_lengths": [99, 99, 99, 99, 99, 99, 99, 99, 99, 99, 99, 99, 99, 99, 99, 99, 99, 99, 99], "episode_rewards": [0.0, 0.0, 0.0, 0.0, 0.0, 0.0, 0.0, 0.0, 0.0, 0.0, 0.0, 0.0, 0.0, 0.0, 0.0, 0.0, 0.0, 0.0, 0.0], "episode_types": ["t", "t", "t", "t", "t", "t", "t", "t", "t", "t", "t", "t", "t", "t", "t", "t", "t", "t", "t"]}