{"initial_reset_timestamp": 1583593491.7273343, "timestamps": [1583593491.8005264, 1583593491.8723536, 1583593491.9412105, 1583593492.0179334, 1583593492.0881038, 1583593492.1603236, 1583593492.2300506, 1583593492.2991276, 1583593492.3751757, 1583593492.444196, 1583593515.3989751, 1583593854.3498347, 1583593854.498228, 1583593855.320311, 1583593855.3933752, 1583593856.20601, 1583593856.4318144, 1583593856.75471, 1583593856.8286967, 1583593856.9050343, 1583593857.2136784, 1583593857.369844, 1583593857.8298438, 1583593857.986026, 1583593858.1379213, 1583593858.5997744, 1583593858.751645, 1583593858.829283, 1583593859.0560741, 1583593859.2084353, 1583593859.4382012, 1583593860.639689, 1583593860.7488432, 1583593861.1897328, 1583593861.4734726, 1583593861.5829027, 1583593862.0478346], "episode_lengths": [99, 99, 99, 99, 99, 99, 99, 99, 99, 99, 99, 99, 99, 99, 99, 99, 99, 99, 99, 99, 99, 99, 99, 99, 99, 99, 99, 99, 99, 99, 99, 99, 99, 99, 99, 99, 99], "episode_rewards": [0.0, 0.0, 0.0, 0.0, 0.0, 0.0, 0.0, 0.0, 0.0, 0.0, 0.0, 0.0, 0.0, 0.0, 0.0, 0.0, 0.0, 0.0, 0.0, 0.0, 0.0, 0.0, 0.0, 0.0, 0.0, 0.0, 0.0, 0.0, 0.0, 0.0, 0.0, 0.0, 0.0, 0.0, 0.0, 0.0, 0.0], "episode_types": ["t", "t", "t", "t", "t", "t", "t", "t", "t", "t", "t", "t", "t", "t", "t", "t", "t", "t", "t", "t", "t", "t", "t", "t", "t", "t", "t", "t", "t", "t", "t", "t", "t", "t", "t", "t", "t", "t"]}