{"initial_reset_timestamp": 1583660607.7961226, "timestamps": [1583660607.8626475, 1583660608.925642, 1583660609.758719, 1583660610.0488646, 1583660612.1488237, 1583660613.0488741, 1583660799.4012039, 1583660799.4976768, 1583660799.5927134, 1583660799.686988, 1583660799.7817378, 1583660799.8957937, 1583660799.985153, 1583660800.0837314, 1583660800.178293, 1583660800.272432, 1583660823.4657743], "episode_lengths": [99, 99, 99, 99, 99, 99, 99, 99, 99, 99, 99, 99, 99, 99, 99, 99, 99], "episode_rewards": [0.0, 0.0, 0.0, 0.0, 0.0, 0.0, 0.0, 0.0, 0.0, 0.0, 0.0, 0.0, 0.0, 0.0, 0.0, 0.0, 0.0], "episode_types": ["t", "t", "t", "t", "t", "t", "t", "t", "t", "t", "t", "t", "t", "t", "t", "t", "t"]}