{"initial_reset_timestamp": 1583660606.6587634, "timestamps": [1583660606.7230625, 1583660608.398649, 1583660608.8514855, 1583660609.055525, 1583660610.6510391, 1583660610.7078166, 1583660610.7646844, 1583660611.9670632, 1583660612.3283823, 1583660613.228457, 1583660728.6719239, 1583660728.7331433, 1583660728.791455, 1583660728.8521967, 1583660728.9178607, 1583660728.979535, 1583660729.0395768, 1583660729.1011257, 1583660729.1764188, 1583660729.2807815, 1583660751.3288548], "episode_lengths": [99, 99, 99, 99, 99, 99, 99, 99, 99, 99, 99, 99, 99, 99, 99, 99, 99, 99, 99, 99, 99], "episode_rewards": [0.0, 0.0, 0.0, 0.0, 0.0, 0.0, 0.0, 0.0, 0.0, 0.0, 0.0, 0.0, 0.0, 0.0, 0.0, 0.0, 0.0, 0.0, 0.0, 0.0, 0.0], "episode_types": ["t", "t", "t", "t", "t", "t", "t", "t", "t", "t", "t", "t", "t", "t", "t", "t", "t", "t", "t", "t", "t"]}