{"initial_reset_timestamp": 1583593486.2528481, "timestamps": [1583593486.303716, 1583593486.5716734, 1583593486.898393, 1583593487.5035975, 1583593488.2440577, 1583593488.4641979, 1583593489.1356246, 1583593489.786234, 1583593490.1191247, 1583593490.171606, 1583593490.922546, 1583593611.8862638, 1583593611.9395564, 1583593611.9961407, 1583593612.0504398, 1583593612.110956, 1583593612.166459, 1583593612.2203343, 1583593612.276237, 1583593612.3313956, 1583593612.3873463, 1583593635.9181833], "episode_lengths": [99, 99, 99, 99, 99, 99, 99, 99, 99, 99, 99, 99, 99, 99, 99, 99, 99, 99, 99, 99, 99, 99], "episode_rewards": [0.0, 0.0, 0.0, 0.0, 0.0, 0.0, 0.0, 0.0, 0.0, 0.0, 0.0, 0.0, 0.0, 0.0, 0.0, 0.0, 0.0, 0.0, 0.0, 0.0, 0.0, 0.0], "episode_types": ["t", "t", "t", "t", "t", "t", "t", "t", "t", "t", "t", "t", "t", "t", "t", "t", "t", "t", "t", "t", "t", "t"]}