{"initial_reset_timestamp": 1583593486.7399282, "timestamps": [1583593486.7918303, 1583593486.9512641, 1583593487.3379426, 1583593487.8362012, 1583593487.9451184, 1583593488.858071, 1583593488.9139154, 1583593490.2848225, 1583593490.4290981, 1583593490.7036588, 1583593491.0322504, 1583593805.4827332, 1583593805.5414412, 1583593805.6002178, 1583593805.6591225, 1583593805.7186978, 1583593805.777452, 1583593805.8369224, 1583593805.8965101, 1583593805.9736075, 1583593806.0318751, 1583593829.6880965], "episode_lengths": [99, 99, 99, 99, 99, 99, 99, 99, 99, 99, 99, 99, 99, 99, 99, 99, 99, 99, 99, 99, 99, 99], "episode_rewards": [0.0, 0.0, 0.0, 0.0, 0.0, 0.0, 0.0, 0.0, 0.0, 0.0, 0.0, 0.0, 0.0, 0.0, 0.0, 0.0, 0.0, 0.0, 0.0, 0.0, 0.0, 0.0], "episode_types": ["t", "t", "t", "t", "t", "t", "t", "t", "t", "t", "t", "t", "t", "t", "t", "t", "t", "t", "t", "t", "t", "t"]}