{"initial_reset_timestamp": 1583660613.338184, "timestamps": [1583660613.401307, 1583660613.4591444, 1583660613.5177264, 1583660613.5752282, 1583660613.632082, 1583660613.6978328, 1583660613.755169, 1583660613.8129325, 1583660613.8722408, 1583660613.9331157, 1583660636.2901125, 1583660967.9483411, 1583660968.4190779, 1583660968.8995001, 1583660969.2552512, 1583660969.9772527, 1583660970.0564692, 1583660970.2977552, 1583660970.785768, 1583660971.0443654, 1583660972.0256321, 1583660972.4311125, 1583660972.8353577, 1583660973.100058, 1583660973.1812823, 1583660973.7185938, 1583660973.9443676, 1583660974.1741416, 1583660974.7883003], "episode_lengths": [99, 99, 99, 99, 99, 99, 99, 99, 99, 99, 99, 99, 99, 99, 99, 99, 99, 99, 99, 99, 99, 99, 99, 99, 99, 99, 99, 99, 99], "episode_rewards": [0.0, 0.0, 0.0, 0.0, 0.0, 0.0, 0.0, 0.0, 0.0, 0.0, 0.0, 0.0, 0.0, 0.0, 0.0, 0.0, 0.0, 0.0, 0.0, 0.0, 0.0, 0.0, 0.0, 0.0, 0.0, 0.0, 0.0, 0.0, 0.0], "episode_types": ["t", "t", "t", "t", "t", "t", "t", "t", "t", "t", "t", "t", "t", "t", "t", "t", "t", "t", "t", "t", "t", "t", "t", "t", "t", "t", "t", "t", "t"]}