{"initial_reset_timestamp": 1583660607.7214227, "timestamps": [1583660607.7960882, 1583660609.1993814, 1583660609.4662435, 1583660609.5564115, 1583660609.8164432, 1583660610.2995715, 1583660610.8901794, 1583660611.17322, 1583660611.2876844, 1583660612.3884087, 1583660751.3919253, 1583660751.4532566, 1583660751.517187, 1583660751.579745, 1583660751.6407163, 1583660751.703196, 1583660751.7712672, 1583660751.8340416, 1583660751.9006047, 1583660751.9641242, 1583660775.027957], "episode_lengths": [99, 99, 99, 99, 99, 99, 99, 99, 99, 99, 99, 99, 99, 99, 99, 99, 99, 99, 99, 99, 99], "episode_rewards": [0.0, 0.0, 0.0, 0.0, 0.0, 0.0, 0.0, 0.0, 0.0, 0.0, 0.0, 0.0, 0.0, 0.0, 0.0, 0.0, 0.0, 0.0, 0.0, 0.0, 0.0], "episode_types": ["t", "t", "t", "t", "t", "t", "t", "t", "t", "t", "t", "t", "t", "t", "t", "t", "t", "t", "t", "t", "t"]}