{"initial_reset_timestamp": 1583660705.6534836, "timestamps": [1583660705.7291937, 1583660705.7934256, 1583660705.8572206, 1583660705.924425, 1583660705.9908566, 1583660706.055084, 1583660706.119026, 1583660706.1832078, 1583660706.25254, 1583660706.3403776, 1583660728.610302, 1583660967.3420079, 1583660968.1862428, 1583660969.1390536, 1583660969.7317038, 1583660970.1370049, 1583660970.2178938, 1583660970.6145678, 1583660970.704534, 1583660971.2056057, 1583660971.4613366, 1583660971.8698773, 1583660972.269862, 1583660972.6697843, 1583660973.345632, 1583660973.4257543, 1583660973.7933125, 1583660974.321407, 1583660974.4032593, 1583660975.0583394, 1583660975.7198336, 1583660975.8824892], "episode_lengths": [99, 99, 99, 99, 99, 99, 99, 99, 99, 99, 99, 99, 99, 99, 99, 99, 99, 99, 99, 99, 99, 99, 99, 99, 99, 99, 99, 99, 99, 99, 99, 99], "episode_rewards": [0.0, 0.0, 0.0, 0.0, 0.0, 0.0, 0.0, 0.0, 0.0, 0.0, 0.0, 0.0, 0.0, 0.0, 0.0, 0.0, 0.0, 0.0, 0.0, 0.0, 0.0, 0.0, 0.0, 0.0, 0.0, 0.0, 0.0, 0.0, 0.0, 0.0, 0.0, 0.0], "episode_types": ["t", "t", "t", "t", "t", "t", "t", "t", "t", "t", "t", "t", "t", "t", "t", "t", "t", "t", "t", "t", "t", "t", "t", "t", "t", "t", "t", "t", "t", "t", "t", "t"]}