{"initial_reset_timestamp": 1583660606.7869127, "timestamps": [1583660606.8531387, 1583660606.9912612, 1583660607.0589397, 1583660607.6208687, 1583660609.37039, 1583660612.2703032, 1583660612.8711202, 1583660920.107484, 1583660920.2408786, 1583660920.3330367, 1583660920.43004, 1583660920.5201886, 1583660920.6116765, 1583660920.7265291, 1583660920.8184857, 1583660920.9160273, 1583660921.0169034, 1583660943.3889487], "episode_lengths": [99, 99, 99, 99, 99, 99, 99, 99, 99, 99, 99, 99, 99, 99, 99, 99, 99, 99], "episode_rewards": [0.0, 0.0, 0.0, 0.0, 0.0, 0.0, 0.0, 0.0, 0.0, 0.0, 0.0, 0.0, 0.0, 0.0, 0.0, 0.0, 0.0, 0.0], "episode_types": ["t", "t", "t", "t", "t", "t", "t", "t", "t", "t", "t", "t", "t", "t", "t", "t", "t", "t"]}