{"initial_reset_timestamp": 1583593486.0357752, "timestamps": [1583593486.0888433, 1583593486.5181994, 1583593486.847297, 1583593487.0612633, 1583593487.1149118, 1583593489.2464364, 1583593489.3976982, 1583593489.953623, 1583593490.0637631, 1583593490.6487257, 1583593491.0862184, 1583593708.6888673, 1583593708.747791, 1583593708.8501759, 1583593708.9405956, 1583593708.9951777, 1583593709.0527408, 1583593709.1092308, 1583593709.1675766, 1583593709.2254531, 1583593709.2836268, 1583593732.7395442], "episode_lengths": [99, 99, 99, 99, 99, 99, 99, 99, 99, 99, 99, 99, 99, 99, 99, 99, 99, 99, 99, 99, 99, 99], "episode_rewards": [0.0, 0.0, 0.0, 0.0, 0.0, 0.0, 0.0, 0.0, 0.0, 0.0, 0.0, 0.0, 0.0, 0.0, 0.0, 0.0, 0.0, 0.0, 0.0, 0.0, 0.0, 0.0], "episode_types": ["t", "t", "t", "t", "t", "t", "t", "t", "t", "t", "t", "t", "t", "t", "t", "t", "t", "t", "t", "t", "t", "t"]}