{"initial_reset_timestamp": 1583593515.3989832, "timestamps": [1583593515.464801, 1583593515.5304077, 1583593515.5912888, 1583593515.6533563, 1583593515.714728, 1583593515.7774346, 1583593515.841623, 1583593515.9043965, 1583593515.966891, 1583593516.0285254, 1583593539.2614744, 1583593854.8702383, 1583593855.0906293, 1583593856.508409, 1583593857.6777682, 1583593857.9074047, 1583593858.5208907, 1583593858.9809248, 1583593859.2849731, 1583593859.9570374, 1583593861.9372659, 1583593862.1570575], "episode_lengths": [99, 99, 99, 99, 99, 99, 99, 99, 99, 99, 99, 99, 99, 99, 99, 99, 99, 99, 99, 99, 99, 99], "episode_rewards": [0.0, 0.0, 0.0, 0.0, 0.0, 0.0, 0.0, 0.0, 0.0, 0.0, 0.0, 0.0, 0.0, 0.0, 0.0, 0.0, 0.0, 0.0, 0.0, 0.0, 0.0, 0.0], "episode_types": ["t", "t", "t", "t", "t", "t", "t", "t", "t", "t", "t", "t", "t", "t", "t", "t", "t", "t", "t", "t", "t", "t"]}