{"initial_reset_timestamp": 1583593485.9823306, "timestamps": [1583593486.0357456, 1583593487.7258503, 1583593488.132818, 1583593488.8004985, 1583593489.45425, 1583593489.5094695, 1583593489.6753702, 1583593490.0069332, 1583593490.7580225, 1583593491.1396186, 1583593660.7392993, 1583593660.7987406, 1583593660.855104, 1583593660.9134216, 1583593660.9735157, 1583593661.031287, 1583593661.0888102, 1583593661.1474369, 1583593661.2067316, 1583593661.2663562, 1583593684.585506], "episode_lengths": [99, 99, 99, 99, 99, 99, 99, 99, 99, 99, 99, 99, 99, 99, 99, 99, 99, 99, 99, 99, 99], "episode_rewards": [0.0, 0.0, 0.0, 0.0, 0.0, 0.0, 0.0, 0.0, 0.0, 0.0, 0.0, 0.0, 0.0, 0.0, 0.0, 0.0, 0.0, 0.0, 0.0, 0.0, 0.0], "episode_types": ["t", "t", "t", "t", "t", "t", "t", "t", "t", "t", "t", "t", "t", "t", "t", "t", "t", "t", "t", "t", "t"]}