{"initial_reset_timestamp": 1583593487.5036385, "timestamps": [1583593487.5591567, 1583593487.613879, 1583593488.355052, 1583593489.0251577, 1583593489.3289092, 1583593756.8536487, 1583593756.9135776, 1583593756.9739635, 1583593757.0321457, 1583593757.092598, 1583593757.1517558, 1583593757.2110605, 1583593757.2691483, 1583593757.330179, 1583593757.3883295, 1583593780.9038389], "episode_lengths": [99, 99, 99, 99, 99, 99, 99, 99, 99, 99, 99, 99, 99, 99, 99, 99], "episode_rewards": [0.0, 0.0, 0.0, 0.0, 0.0, 0.0, 0.0, 0.0, 0.0, 0.0, 0.0, 0.0, 0.0, 0.0, 0.0, 0.0], "episode_types": ["t", "t", "t", "t", "t", "t", "t", "t", "t", "t", "t", "t", "t", "t", "t", "t"]}