{"initial_reset_timestamp": 1583593539.2614815, "timestamps": [1583593539.312553, 1583593539.3627675, 1583593539.4162633, 1583593539.4694576, 1583593539.5242505, 1583593539.5775647, 1583593539.6323304, 1583593539.6871188, 1583593539.7416637, 1583593539.7971525, 1583593562.9267015, 1583593854.425574, 1583593854.648004, 1583593854.7958043, 1583593855.2440329, 1583593855.5861838, 1583593855.663168, 1583593855.7414966, 1583593856.2813406, 1583593856.5836911, 1583593857.1368484, 1583593857.447894, 1583593858.6753683, 1583593858.906304, 1583593859.5160346, 1583593859.8456972, 1583593860.52975, 1583593860.8595378, 1583593861.3104353, 1583593861.7098007, 1583593861.8261306, 1583593862.4979603, 1583593862.6115582], "episode_lengths": [99, 99, 99, 99, 99, 99, 99, 99, 99, 99, 99, 99, 99, 99, 99, 99, 99, 99, 99, 99, 99, 99, 99, 99, 99, 99, 99, 99, 99, 99, 99, 99, 99], "episode_rewards": [0.0, 0.0, 0.0, 0.0, 0.0, 0.0, 0.0, 0.0, 0.0, 0.0, 0.0, 0.0, 0.0, 0.0, 0.0, 0.0, 0.0, 0.0, 0.0, 0.0, 0.0, 0.0, 0.0, 0.0, 0.0, 0.0, 0.0, 0.0, 0.0, 0.0, 0.0, 0.0, 0.0], "episode_types": ["t", "t", "t", "t", "t", "t", "t", "t", "t", "t", "t", "t", "t", "t", "t", "t", "t", "t", "t", "t", "t", "t", "t", "t", "t", "t", "t", "t", "t", "t", "t", "t", "t"]}