{"initial_reset_timestamp": 1583593587.453453, "timestamps": [1583593587.5542443, 1583593587.6105423, 1583593587.6685274, 1583593587.7236407, 1583593587.778214, 1583593587.8309116, 1583593587.885668, 1583593587.9408243, 1583593587.9962552, 1583593588.0522091, 1583593611.8322406, 1583593854.5733173, 1583593855.0169454, 1583593855.167271, 1583593855.8948348, 1583593855.9705136, 1583593856.129687, 1583593856.676351, 1583593856.9824052, 1583593857.2917342, 1583593857.525421, 1583593857.6024773, 1583593858.061918, 1583593858.2919502, 1583593858.3684173, 1583593858.444884, 1583593859.6238203, 1583593860.1796896, 1583593860.2919397, 1583593861.0792332, 1583593863.054961], "episode_lengths": [99, 99, 99, 99, 99, 99, 99, 99, 99, 99, 99, 99, 99, 99, 99, 99, 99, 99, 99, 99, 99, 99, 99, 99, 99, 99, 99, 99, 99, 99, 99], "episode_rewards": [0.0, 0.0, 0.0, 0.0, 0.0, 0.0, 0.0, 0.0, 0.0, 0.0, 0.0, 0.0, 0.0, 0.0, 0.0, 0.0, 0.0, 0.0, 0.0, 0.0, 0.0, 0.0, 0.0, 0.0, 0.0, 0.0, 0.0, 0.0, 0.0, 0.0, 0.0], "episode_types": ["t", "t", "t", "t", "t", "t", "t", "t", "t", "t", "t", "t", "t", "t", "t", "t", "t", "t", "t", "t", "t", "t", "t", "t", "t", "t", "t", "t", "t", "t", "t"]}