{"initial_reset_timestamp": 1583660607.1888063, "timestamps": [1583660607.2551858, 1583660607.4227803, 1583660607.4897852, 1583660607.5543516, 1583660608.3310285, 1583660608.6049225, 1583660609.6096492, 1583660610.1063604, 1583660610.2327402, 1583660610.4133372, 1583660610.5307062, 1583660611.0184247, 1583660611.2303014, 1583660612.505845, 1583660775.1223342, 1583660775.221866, 1583660775.3199034, 1583660775.4128518, 1583660775.50396, 1583660775.5968988, 1583660775.688693, 1583660775.785561, 1583660775.885119, 1583660775.9794545, 1583660799.304666], "episode_lengths": [99, 99, 99, 99, 99, 99, 99, 99, 99, 99, 99, 99, 99, 99, 99, 99, 99, 99, 99, 99, 99, 99, 99, 99, 99], "episode_rewards": [0.0, 0.0, 0.0, 0.0, 0.0, 0.0, 0.0, 0.0, 0.0, 0.0, 0.0, 0.0, 0.0, 0.0, 0.0, 0.0, 0.0, 0.0, 0.0, 0.0, 0.0, 0.0, 0.0, 0.0, 0.0], "episode_types": ["t", "t", "t", "t", "t", "t", "t", "t", "t", "t", "t", "t", "t", "t", "t", "t", "t", "t", "t", "t", "t", "t", "t", "t", "t"]}