{"initial_reset_timestamp": 1583593487.1149426, "timestamps": [1583593487.1688998, 1583593487.225224, 1583593487.890811, 1583593488.519784, 1583593488.9680636, 1583593490.4835675, 1583593491.5132716, 1583593491.5876431, 1583593491.6593287, 1583593732.798914, 1583593732.8575957, 1583593732.916274, 1583593732.9759116, 1583593733.0357318, 1583593733.0949552, 1583593733.1524432, 1583593733.211618, 1583593733.2692142, 1583593733.3301454, 1583593756.7933166], "episode_lengths": [99, 99, 99, 99, 99, 99, 99, 99, 99, 99, 99, 99, 99, 99, 99, 99, 99, 99, 99, 99], "episode_rewards": [0.0, 0.0, 0.0, 0.0, 0.0, 0.0, 0.0, 0.0, 0.0, 0.0, 0.0, 0.0, 0.0, 0.0, 0.0, 0.0, 0.0, 0.0, 0.0, 0.0], "episode_types": ["t", "t", "t", "t", "t", "t", "t", "t", "t", "t", "t", "t", "t", "t", "t", "t", "t", "t", "t", "t"]}