{"initial_reset_timestamp": 1583593485.8743706, "timestamps": [1583593485.9283252, 1583593486.1442368, 1583593486.3588562, 1583593486.4648223, 1583593486.6838481, 1583593487.6702728, 1583593487.780416, 1583593488.023173, 1583593488.0787916, 1583593488.4094868, 1583593488.5770311, 1583593488.6917386, 1583593489.5626304, 1583593489.8405685, 1583593490.5939953, 1583593490.8133647, 1583593491.3692412, 1583593829.7912862, 1583593829.8479254, 1583593829.9063427, 1583593829.9656634, 1583593830.024131, 1583593830.081438, 1583593830.1414244, 1583593830.2000554, 1583593830.259476, 1583593830.3209717, 1583593853.9987636], "episode_lengths": [99, 99, 99, 99, 99, 99, 99, 99, 99, 99, 99, 99, 99, 99, 99, 99, 99, 99, 99, 99, 99, 99, 99, 99, 99, 99, 99, 99], "episode_rewards": [0.0, 0.0, 0.0, 0.0, 0.0, 0.0, 0.0, 0.0, 0.0, 0.0, 0.0, 0.0, 0.0, 0.0, 0.0, 0.0, 0.0, 0.0, 0.0, 0.0, 0.0, 0.0, 0.0, 0.0, 0.0, 0.0, 0.0, 0.0], "episode_types": ["t", "t", "t", "t", "t", "t", "t", "t", "t", "t", "t", "t", "t", "t", "t", "t", "t", "t", "t", "t", "t", "t", "t", "t", "t", "t", "t", "t"]}