{"initial_reset_timestamp": 1583660608.672578, "timestamps": [1583660608.7398508, 1583660610.167108, 1583660611.4019067, 1583660611.6637275, 1583660611.7888308, 1583660611.908376, 1583660612.089441, 1583660612.4468377, 1583660612.9307923, 1583660613.285682, 1583660895.7596588, 1583660895.8530142, 1583660895.957274, 1583660896.05587, 1583660896.1745336, 1583660896.2682455, 1583660896.3812883, 1583660896.4857385, 1583660896.6055284, 1583660896.6981099, 1583660919.9977052], "episode_lengths": [99, 99, 99, 99, 99, 99, 99, 99, 99, 99, 99, 99, 99, 99, 99, 99, 99, 99, 99, 99, 99], "episode_rewards": [0.0, 0.0, 0.0, 0.0, 0.0, 0.0, 0.0, 0.0, 0.0, 0.0, 0.0, 0.0, 0.0, 0.0, 0.0, 0.0, 0.0, 0.0, 0.0, 0.0, 0.0], "episode_types": ["t", "t", "t", "t", "t", "t", "t", "t", "t", "t", "t", "t", "t", "t", "t", "t", "t", "t", "t", "t", "t"]}