{"initial_reset_timestamp": 1583660606.5822015, "timestamps": [1583660606.658725, 1583660607.9287403, 1583660607.995305, 1583660608.5306334, 1583660609.120088, 1583660609.2828765, 1583660609.665456, 1583660609.926724, 1583660610.5930789, 1583660610.822869, 1583660611.3435469, 1583660611.5468094, 1583660612.2093046, 1583660612.98825, 1583660872.0693483, 1583660872.1315787, 1583660872.225266, 1583660872.2827609, 1583660872.3443117, 1583660872.4050996, 1583660872.4718146, 1583660872.5349944, 1583660872.596065, 1583660872.656688, 1583660895.6653473], "episode_lengths": [99, 99, 99, 99, 99, 99, 99, 99, 99, 99, 99, 99, 99, 99, 99, 99, 99, 99, 99, 99, 99, 99, 99, 99, 99], "episode_rewards": [0.0, 0.0, 0.0, 0.0, 0.0, 0.0, 0.0, 0.0, 0.0, 0.0, 0.0, 0.0, 0.0, 0.0, 0.0, 0.0, 0.0, 0.0, 0.0, 0.0, 0.0, 0.0, 0.0, 0.0, 0.0], "episode_types": ["t", "t", "t", "t", "t", "t", "t", "t", "t", "t", "t", "t", "t", "t", "t", "t", "t", "t", "t", "t", "t", "t", "t", "t", "t"]}