{"initial_reset_timestamp": 1583660658.7248619, "timestamps": [1583660658.8069465, 1583660658.8744962, 1583660658.9400241, 1583660659.005931, 1583660659.0727952, 1583660659.1378562, 1583660659.2037528, 1583660659.2706788, 1583660659.361037, 1583660659.4714158, 1583660681.3753462, 1583660967.0984082, 1583660967.2146235, 1583660967.6989524, 1583660968.6542683, 1583660968.780308, 1583660969.3784604, 1583660969.8993108, 1583660970.4905097, 1583660971.1244187, 1583660971.3810358, 1583660971.5494244, 1583660971.707956, 1583660973.2650414, 1583660973.5747387, 1583660973.8697913, 1583660974.0984771, 1583660974.4805975, 1583660974.5600193, 1583660974.713613, 1583660974.9609025, 1583660975.1530387, 1583660975.2398992, 1583660975.3185415, 1583660975.4001243, 1583660975.4777741, 1583660975.5622294, 1583660975.6402128], "episode_lengths": [99, 99, 99, 99, 99, 99, 99, 99, 99, 99, 99, 99, 99, 99, 99, 99, 99, 99, 99, 99, 99, 99, 99, 99, 99, 99, 99, 99, 99, 99, 99, 99, 99, 99, 99, 99, 99, 99], "episode_rewards": [0.0, 0.0, 0.0, 0.0, 0.0, 0.0, 0.0, 0.0, 0.0, 0.0, 0.0, 0.0, 0.0, 0.0, 0.0, 0.0, 0.0, 0.0, 0.0, 0.0, 0.0, 0.0, 0.0, 0.0, 0.0, 0.0, 0.0, 0.0, 0.0, 0.0, 0.0, 0.0, 0.0, 0.0, 0.0, 0.0, 0.0, 0.0], "episode_types": ["t", "t", "t", "t", "t", "t", "t", "t", "t", "t", "t", "t", "t", "t", "t", "t", "t", "t", "t", "t", "t", "t", "t", "t", "t", "t", "t", "t", "t", "t", "t", "t", "t", "t", "t", "t", "t", "t", "t"]}