{"initial_reset_timestamp": 1583593486.683881, "timestamps": [1583593486.7398968, 1583593487.3943355, 1583593487.4501102, 1583593489.1914878, 1583593490.2292364, 1583593490.5406575, 1583593491.2088892, 1583593684.6809664, 1583593684.738076, 1583593684.795492, 1583593684.8524342, 1583593684.9122784, 1583593684.9706316, 1583593685.0295389, 1583593685.0867152, 1583593685.146393, 1583593685.2047455, 1583593708.6262105], "episode_lengths": [99, 99, 99, 99, 99, 99, 99, 99, 99, 99, 99, 99, 99, 99, 99, 99, 99, 99], "episode_rewards": [0.0, 0.0, 0.0, 0.0, 0.0, 0.0, 0.0, 0.0, 0.0, 0.0, 0.0, 0.0, 0.0, 0.0, 0.0, 0.0, 0.0, 0.0], "episode_types": ["t", "t", "t", "t", "t", "t", "t", "t", "t", "t", "t", "t", "t", "t", "t", "t", "t", "t"]}