{"initial_reset_timestamp": 1583660607.12237, "timestamps": [1583660607.1887698, 1583660607.7213702, 1583660608.0644517, 1583660608.2586277, 1583660608.4651456, 1583660609.8717961, 1583660610.4721963, 1583660610.9471085, 1583660611.1146517, 1583660611.4660857, 1583660611.7291596, 1583660612.6913397, 1583660613.1541705, 1583660613.3381755, 1583660823.5308003, 1583660823.5915177, 1583660823.654388, 1583660823.7155132, 1583660823.7781327, 1583660823.8518324, 1583660823.946877, 1583660824.0085552, 1583660824.0727968, 1583660824.1433249, 1583660847.661405], "episode_lengths": [99, 99, 99, 99, 99, 99, 99, 99, 99, 99, 99, 99, 99, 99, 99, 99, 99, 99, 99, 99, 99, 99, 99, 99, 99], "episode_rewards": [0.0, 0.0, 0.0, 0.0, 0.0, 0.0, 0.0, 0.0, 0.0, 0.0, 0.0, 0.0, 0.0, 0.0, 0.0, 0.0, 0.0, 0.0, 0.0, 0.0, 0.0, 0.0, 0.0, 0.0, 0.0], "episode_types": ["t", "t", "t", "t", "t", "t", "t", "t", "t", "t", "t", "t", "t", "t", "t", "t", "t", "t", "t", "t", "t", "t", "t", "t", "t"]}