{"initial_reset_timestamp": 1583593486.358888, "timestamps": [1583593486.4108799, 1583593487.0044174, 1583593487.282059, 1583593488.1897297, 1583593488.299426, 1583593488.6332998, 1583593488.7465065, 1583593489.0815856, 1583593489.6202006, 1583593489.8972127, 1583593490.8671212, 1583593490.9765847, 1583593491.2971194, 1583593780.962088, 1583593781.0209746, 1583593781.0819528, 1583593781.141125, 1583593781.2023928, 1583593781.262166, 1583593781.3218803, 1583593781.382529, 1583593781.4861333, 1583593781.5732324, 1583593805.4234116], "episode_lengths": [99, 99, 99, 99, 99, 99, 99, 99, 99, 99, 99, 99, 99, 99, 99, 99, 99, 99, 99, 99, 99, 99, 99, 99], "episode_rewards": [0.0, 0.0, 0.0, 0.0, 0.0, 0.0, 0.0, 0.0, 0.0, 0.0, 0.0, 0.0, 0.0, 0.0, 0.0, 0.0, 0.0, 0.0, 0.0, 0.0, 0.0, 0.0, 0.0, 0.0], "episode_types": ["t", "t", "t", "t", "t", "t", "t", "t", "t", "t", "t", "t", "t", "t", "t", "t", "t", "t", "t", "t", "t", "t", "t", "t"]}